{
	"comments": {
		"lineComment": "//",
		"blockComment": [ "/*", "*/" ]
	},
	"brackets": [
		["{", "}"],
		["[", "]"],
		["(", ")"]
	],
	"autoClosingPairs": [
		["{", "}"],
		["[", "]"],
		["(", ")"],
		["\"", "\""]
	],
	"surroundingPairs": [
		["{", "}"],
		["[", "]"],
		["(", ")"],
		["\"", "\""],
		["'", "'"]
	],
	"indentationRules": {
		"increaseIndentPattern": "^.*\\{[^}\"']*$|^.*\\([^\\)\"']*$",
		"decreaseIndentPattern": "^\\s*(\\s*\\/[*].*[*]\\/\\s*)*[})]"
	},
	"folding": {
		"markers": {
			"start": "^\\s*//\\s*#?region\\b",
			"end": "^\\s*//\\s*#?endregion\\b"
		}
	}
}
