{
	"nameShort": "Code - OSS",
	"nameLong": "Code - OSS",
	"applicationName": "code-oss",
	"dataFolderName": ".vscode-oss",
	"win32MutexName": "vscodeoss",
	"licenseName": "MIT",
	"licenseUrl": "https://github.com/Microsoft/vscode/blob/master/LICENSE.txt",
	"win32DirName": "Microsoft Code OSS",
	"win32NameVersion": "Microsoft Code OSS",
	"win32RegValueName": "CodeOSS",
	"win32AppId": "{{E34003BB-9E10-4501-8C11-BE3FAA83F23F}",
	"win32x64AppId": "{{D77B7E06-80BA-4137-BCF4-654B95CCEBC5}",
	"win32UserAppId": "{{C6065F05-9603-4FC4-8101-B9781A25D88E}",
	"win32x64UserAppId": "{{C6065F05-9603-4FC4-8101-B9781A25D88E}",
	"win32AppUserModelId": "Microsoft.CodeOSS",
	"win32ShellNameShort": "C&ode - OSS",
	"darwinBundleIdentifier": "com.visualstudio.code.oss",
	"linuxIconName": "com.visualstudio.code.oss",
	"licenseFileName": "LICENSE.txt",
	"reportIssueUrl": "https://github.com/Microsoft/vscode/issues/new",
	"urlProtocol": "code-oss",
	"extensionAllowedProposedApi": ["ms-vscode.references-view"],
	"commit": "26076a4de974ead31f97692a0d32f90d735645c0",
	"date": "2020-01-08T22:23:08.596Z",
	"checksums": {
		"vs/workbench/workbench.desktop.main.js": "/Oym4iuH4XV/D2Q9Gcwv8Q",
		"vs/workbench/workbench.desktop.main.css": "rotlMuDewF7YPRg40EhHCg",
		"vs/code/electron-browser/workbench/workbench.html": "GuII3o7INJ44niB4oleTOA",
		"vs/code/electron-browser/workbench/workbench.js": "ikHIDuzObzGIzbNbwa5BSg"
	}
}