{
	"$schema": "http://json-schema.org/draft-07/schema#",
	"description": "Configures an attached to container",
	"allowComments": true,
	"type": "object",
	"definitions": {
		"attachContainer": {
			"type": "object",
			"properties": {
				"workspaceFolder": {
					"type": "string",
					"description": "The path of the workspace folder inside the container."
				},
				"forwardPorts": {
					"type": "array",
					"description": "Ports that are forwarded from the container to the local machine.",
					"items": {
						"type": "integer"
					}
				},
				"settings": {
					"$ref": "vscode://schemas/settings/machine",
					"description": "Machine specific settings that should be copied into the container."
				},
				"remoteEnv": {
					"type": "object",
					"additionalProperties": {
						"type": [
							"string",
							"null"
						]
					},
					"description": "Remote environment variables."
				},
				"remoteUser": {
					"type": "string",
					"description": "The user VS Code Server will be started with. The default is the same user as the container."
				},
				"extensions": {
					"type": "array",
					"description": "An array of extensions that should be installed into the container.",
					"items": {
						"type": "string"
					}
				}
			}
		}
	},
	"allOf": [
		{
			"$ref": "#/definitions/attachContainer"
		}
	]
}
